Patient_ID,Gene_1,Gene_2,Gene_3,Gene_4,Gene_5,Gene_6,Gene_7,Gene_8,Gene_9,Gene_10,Gene_11,Gene_12,Gene_13,Gene_14,Gene_15,Gene_16,Gene_17,Gene_18,Gene_19,Gene_20,Gene_21,Gene_22,Gene_23,Gene_24,Gene_25,Gene_26,Gene_27,Gene_28,Gene_29,Gene_30,Subtype
Patient_1,5.496714153011233,4.861735698828816,5.6476885381006925,6.523029856408026,4.765846625276664,4.765863043050819,6.5792128155073915,5.7674347291529084,4.530525614065048,5.542560043585965,4.536582307187538,4.5342702464297435,5.241962271566035,3.086719755342202,3.2750821674869672,4.437712470759028,3.9871688796655764,5.314247332595274,4.091975924478789,3.5876962986647083,6.465648768921554,4.774223699513464,5.067528204687924,3.575251813786543,4.455617275474817,5.110922589709866,3.8490064225776974,5.3756980183456715,4.399361310081195,4.708306250206723,A
Patient_2,4.398293387770603,6.852278184508938,4.986502775262066,3.9422890710440996,5.822544912103189,3.7791563500289778,5.208863595004756,3.040329876120224,3.6718139511015693,5.1968612358691235,5.738466579995411,5.17136828118997,4.88435171761176,4.698896304410711,3.5214780096325726,4.280155791605291,4.539361229040212,6.057122226218915,5.343618289568461,3.236959844637266,5.3240839693947954,4.6149177195836835,4.323077999694041,5.611676288840868,6.030999522495951,5.931280119116199,4.160782476777362,4.690787624148785,5.331263431403564,5.975545127122359,A
Patient_3,4.52082576215471,4.8143410233361825,3.893665025993972,3.803793375919329,5.812525822394198,6.356240028570823,4.927989878419666,6.003532897892024,5.361636025047634,4.354880245394876,5.361395605508414,6.538036566465969,4.964173960890048,6.564643655814006,2.3802548959102556,5.821902504375224,5.087047068238172,4.7009926495341325,5.091760776535502,3.012431085399107,4.780328112162488,5.357112571511746,6.477894044741516,4.481729781726353,4.191506397106813,4.498242956415464,5.915402117702074,5.3287511096596845,4.470239796232962,5.513267433113356,A
Patient_4,5.0970775493480405,5.968644990532889,4.297946906122648,4.672337853402232,4.607891846867842,3.5364850518678814,5.296120277064576,5.261055272179889,5.005113456642461,4.765412866624853,3.5846292579495858,4.579354677234641,4.65728548347323,4.197722730778381,4.838714288333991,5.404050856814538,6.88618590121053,5.174577812831839,5.2575503907227645,4.925554084233832,3.0812287847009587,4.973486124550783,5.060230209941026,7.463242112485286,4.807639035218878,5.301547342333612,4.965288230294757,3.8313219623804677,6.1428228145150205,5.751933032686774,A
Patient_5,5.791031947043047,4.090612545205261,6.402794310936099,3.598148937207719,5.58685709380027,7.190455625809978,4.009463674869312,4.433702270397228,5.099651365087642,4.496524345883801,3.4493365689338673,5.068562974806027,3.937696286273895,5.473592430635182,4.080575765766197,6.54993440501754,4.216746707663763,4.677938483794325,5.81351721736967,3.769135683566045,5.22745993460413,6.307142754282428,3.3925167654387725,5.184633858532305,5.259882794248424,5.78182287177731,3.763049289121918,3.6795433869157237,5.521941565616897,5.296984673233186,A
Patient_6,5.250492850345877,5.346448209496976,4.319975278421509,5.232253697161004,5.293072473298682,4.285648581973632,6.865774511144757,5.4738329209117875,3.8086965027973516,5.65655360863383,4.025318329772679,5.787084603742452,6.158595579007404,4.179317681648289,5.963376129244322,5.412780926936498,5.82206015999449,6.896792982653947,4.754611883997129,4.246263835642511,4.110485570374477,4.184189715034561,4.922898290585896,5.341151974816644,5.276690799330019,5.827183249036024,5.013001891877907,6.453534077157316,4.735343166762044,7.720169166589619,A
Patient_7,5.625667347765006,4.142842443583717,3.929107501938888,5.482472415243185,4.776537214674149,5.714000494092092,5.473237624573545,4.927171087343127,4.153206281931595,3.4851527753141354,4.553485047932979,5.856398794323472,5.214093744130204,3.754261221288012,5.173180925851182,5.3853173797288365,4.116142563798867,5.153725105945528,5.058208718446,3.8570297021693767,5.357787360348283,5.560784526368234,6.083051243175277,6.053802052034903,3.622330632042909,4.062174960084877,5.51503526720866,5.513785950912209,5.515047686306048,8.85273149065472,A
Patient_8,5.570890510693167,6.135565640180599,5.954001763493203,5.651391251305798,4.684730755359654,5.758969220493268,4.227174785462428,4.763181393259991,4.514636452170897,5.081874139386323,7.314658566673509,3.132734807408252,5.686260190374513,3.3872841288103483,4.528068134210566,6.088950596967366,5.064280019095463,3.922255222070694,4.284696290740031,5.679597748934675,4.2696333682828636,5.216458589581975,5.045571839903814,4.348399652394183,7.143944089325325,5.633919022318011,2.974857413342393,5.186454314769428,4.338213535231612,5.852433334796224,A
Patient_9,4.2074792615673,4.885263558533101,5.504987278980457,5.865755194170122,3.7997035929442236,4.665498764159052,4.5250546888390435,4.346670767426288,6.765454240281096,5.404981710960955,3.7391160456649546,5.917861947054776,7.122156197012633,6.032465260551147,3.4806300340459866,4.5157659271337485,6.2669111491866225,4.292330534381219,5.443819428146228,5.774634053429336,4.073069528421917,4.9404746439382,1.7587326599309274,3.9756123586657104,4.74743184860684,3.7522168180351505,6.632411303931635,3.5698586220393675,4.5599555133030165,5.130740577286091,A
Patient_10,6.441273289066116,3.5641378488205606,6.16316375215496,5.010233061019587,4.018491348952049,5.46210347426327,5.19905969557347,4.399783122841205,5.069802084990019,4.61468640313824,5.113517345251248,5.6621306745210465,6.586016816145352,3.762184501173151,7.133033374656266,3.047912200477498,4.848214904964417,5.588317206484577,5.2809918677350325,4.377300480179406,4.791877749642725,4.506999065341168,4.410635243055788,5.849602097021025,5.357015485965047,4.307090404739346,5.899599875433251,5.307299520876609,5.81286211883896,5.629628841923612,A
Patient_11,4.171004989077928,4.439818959803031,5.747293605123262,5.610370265433465,4.979098406035852,5.117327383308782,6.2776648957884245,4.40842861116417,5.547097381170038,4.797807347566106,4.782318796772779,6.09877685198719,5.82541634898803,5.813509636000639,6.305478807154329,5.021003841632759,5.6819529712949635,4.689733243406544,5.324166352488442,4.869856945632315,5.096995964992718,5.595157025436913,4.181779316766527,7.092387275685461,3.993982618500298,3.785811387212268,6.158110873500068,5.791662693962936,5.624119817052155,5.62834550926428,A
Patient_12,4.987753227153085,4.102745628514168,5.075804558193727,4.322838288487889,5.975119733417751,4.8529426184978615,4.1745028032074885,4.678614158347006,5.412931454275625,4.436275447196025,4.177779604433568,5.243687211491912,5.244966571108723,4.49305682462887,4.528961694381677,5.232049937357636,3.5519156585026757,3.5925362256234448,4.281555778747564,4.786552848288153,5.310907565598004,6.475356216949552,5.85765962320202,4.840061470036573,4.9809837920973115,3.997470635362191,4.98148686400761,4.711341361079862,5.32271856033809,4.172769056447677,A
Patient_13,5.519346514241172,6.532738913002578,4.891239851543142,5.401711722098941,5.690143991711112,4.5987795281141635,5.224092481810417,5.012592400781795,5.097676098548832,4.226990216144533,5.024510174258943,5.49799829124545,6.451143607795042,5.9592708260852065,7.153182457511557,4.23265243711195,5.872320636720678,5.183342005738352,7.189802933217672,4.191701714644848,4.160278157819224,4.400607354555978,2.876104275690193,4.474244978319239,4.240867338446302,5.150393786476208,5.3417559757771595,6.876170839215886,5.95042383818605,4.423096344337597,A
Patient_14,4.101585328651642,5.491919171506506,3.6797667929793576,6.831458765854354,6.179440120721287,4.530824347895296,3.2868654709091225,6.353872374165412,4.885460154747382,6.237816311973462,3.405572341205633,4.400624977046228,5.005243699718183,5.046980593764742,4.549934528520756,5.622849932347499,3.932379570617406,4.857620514978707,5.120295631711899,5.514438834058749,5.71161487808889,3.8753579081621305,3.4658858292643777,6.277676821898509,5.332314011979592,4.251513463443446,6.551151975522523,5.1156746342928585,6.179297184063826,5.067518481410109,A
Patient_15,7.060747924881987,6.755340842443204,4.751035851520927,5.971570950954355,5.645375949585148,6.368631557532349,4.0350765394198955,5.686051459998439,6.058424486849588,3.2412605135768855,3.816741487334225,2.9607678222398994,4.730593165555442,5.717542255795962,6.502357052096028,5.074094780419776,6.628615545571292,3.6198985417851084,3.2966175606448456,4.944452301103381,5.384065448939308,4.967305251905907,2.9325578999601234,4.910879960487212,3.695530499495147,5.669672548830039,5.366598246096848,4.060120213672644,4.486133082663306,3.9407864781110487,A
Patient_16,4.937320902726828,5.955142320501238,4.014273953664456,5.504046515517844,4.469742381627559,4.207127167737656,4.892969640045442,3.964757677580626,4.446350694652818,3.8021221074111518,6.9647251329163895,5.035263551971728,4.300274492007414,5.213979910734222,4.88767195030917,4.779030400466777,5.614166700043425,5.757507710047305,4.4694988523894725,4.42418175935532,4.724948302848356,2.698078835264415,3.4848089378014477,6.3668742674445244,6.644967713501284,4.750963960443622,5.576556963055767,5.311250154543536,8.078880808455239,6.119574911434577,A
Patient_17,4.872082408519233,4.0444595593995745,3.3935536797424275,5.203463635867223,4.243649254715697,3.5777462904023256,4.353427115757474,3.9184519963856053,6.687141635072565,5.8816397569494505,4.992027358683383,6.479944138890026,5.077368307647618,4.138715798671736,6.5231240772696575,5.538910043684659,3.962753845673544,4.8096613219163915,4.124381746615243,3.617200269035664,5.926177547531641,6.9094166404701305,3.6014324261808586,5.562969236690571,4.3493574308781735,4.512874616235304,4.407606075761131,4.136009230320184,5.048521627944827,4.169049883588962,A
Patient_18,5.2704568257798385,4.949761890550863,4.76105195313359,4.092436337958402,4.423228669431667,5.755391225825756,5.500917187624381,4.022444755201449,5.099332305429225,5.751387123371789,3.3305947188786282,5.543360192379935,4.337376241054153,5.570598668593159,4.236740843457483,3.195117899335481,3.3724575621168373,5.048084946661382,5.259722501721482,4.095683374895591,5.638592458777374,3.33847993773104,4.9339202013526835,3.7889838002375433,4.3481638921978405,5.047398671316414,4.139586634716047,4.615444455770175,6.0062928092144405,4.423108130476852,A
Patient_19,5.835692112065142,3.870293145342382,5.529804177915283,6.4415686206579,2.5283554998727107,4.203104744529523,5.57707212718054,4.796954613957007,5.371145873371309,4.39601481328418,5.0865897874729,4.84432276460792,6.167782061659807,5.254420843301213,5.337602662075202,4.588123033877532,4.512393775927507,4.5674418121803795,5.394452142378297,4.5790155191797375,5.289774856896413,7.075400798645439,5.8711247034316925,4.6739764678321585,6.201213922163944,4.591924626978448,2.961875464822146,3.9919136890825957,3.1292080789741443,4.648486515958691,A
Patient_20,5.018418379189551,6.676437312275283,5.326927373764162,4.780899471191136,5.829405581183489,2.788864690992115,5.235614558108566,5.770865193886967,3.5214137542201582,6.143754043206929,5.338496407494414,4.584712086099199,5.632781866106285,7.270692857804396,5.1818662550584955,5.248220586300336,4.540639100459756,4.150155630535208,5.830335816544245,4.1439161740911326,5.071566237219392,4.522342553234884,5.478979825746392,5.333662105286948,6.037539944257899,4.489983601145253,4.730125064706629,4.021236284217693,4.555706739923888,5.377300493044852,A
Patient_21,5.756988616645351,4.077834675822374,5.86960592010566,6.3556378588049505,5.413434903223701,6.876795812558066,4.2262108008964265,3.755345296688583,3.2212797510957216,6.496044311489183,5.654365656354058,4.944415329089545,5.27996862631982,3.8745109527016233,7.445751979616826,5.129221181975227,5.109394794604893,5.725766623898692,5.481009231736714,5.223884024279132,4.209525544554688,5.471468357135996,6.882024496475034,6.3454200461549775,6.5931866266393975,4.488784323568815,4.010395179741419,4.874213079900352,5.055724912288695,6.094191518470948,A
Patient_22,3.307535370285181,6.529550319460614,4.8419921014210106,4.57311893005258,3.9878956247398323,3.3451433281342307,5.823170583961915,5.073317967188403,3.710039100258946,3.704921227936384,4.664215300709872,6.669021525289393,4.740408648636395,3.496857046881894,4.754256935914055,4.72727643025233,2.3031133570584283,4.945705133482188,4.769065469791322,5.696206364813419,6.848956094945345,6.126565029547757,4.731111309445169,3.8934740912583297,7.57335980324986,5.059218434014488,5.013929291912946,4.975874912889997,5.198084760767855,4.855639588076057,A
Patient_23,4.4263379931197635,4.453141058759607,4.9672467297840015,4.456575228866235,4.287154217322835,5.106430227691897,4.745022782579145,6.503992988582689,2.349030191606988,6.091506851922462,6.246085192497629,2.9266097675918505,4.657312405919651,4.628559134004209,3.5924883052821786,4.222183312409125,3.8894241545341712,6.7522704434236225,5.9356783931474615,6.2715550949941585,5.7216720640432355,3.870948228782771,4.475479733720226,5.489374561227918,3.7778721911080546,5.712998430172388,4.759674601841865,4.625179192450402,5.7109599682034915,5.44426331148604,A
Patient_24,4.63903383418092,6.159329803364248,3.9189366724001027,5.615935606944264,5.593101257968383,4.690453560686009,5.326133022242118,3.748886423614697,5.924027019206901,4.8150978635570105,4.47727697948096,6.0490092258368895,4.29565630945724,3.5915387036364406,3.4433708264760963,5.60600995134564,3.719570647503717,6.754794181984365,2.918070592116278,6.696456368290038,5.211017467202619,4.903286888129608,4.4550809131910505,5.399136114352071,4.962365297575151,6.103301882016521,5.114227648662039,5.150301761461877,4.636387787786144,4.9430543762789325,A
Patient_25,5.307801768892059,3.289831607343374,3.651814577894287,5.743264094022715,5.170865438127942,4.8160166636473205,5.018433933065393,5.347581705361671,4.460240319690638,4.221695274597687,5.195845255097682,4.021627222384968,5.4082527557144715,3.2974163957621596,6.029155637325644,5.472597482413043,5.256029734313875,5.982690983945514,6.665474444462577,6.014370065018131,3.1591257686683547,3.7204230332642982,4.375181422304321,5.026091050210834,5.517659020469123,4.274256186846534,5.1867667644770785,4.2446170676466775,4.388482197008051,3.5933389031517775,A
Patient_26,4.076766753889096,3.6483153943836664,4.024126747022668,6.05364179660784,4.050601111168057,7.63238206483739,5.493317900880889,5.184836123694874,4.141642219818786,5.700309879408992,4.424362173762226,5.122009814645361,7.560084538268795,4.90394010027535,6.149273326285676,4.296823574874113,4.9650115095030385,6.77080063563551,4.373032942212233,6.8124485579969285,5.707751935455476,4.437533224105732,5.632407739055521,5.97255444962673,5.621809962217196,3.429775280109544,4.272862824175132,4.752481364448495,4.925566570899954,5.620672097550678,A
Patient_27,5.177701000933254,3.6646556412898987,5.380197851005963,5.6105857452838235,5.559790447931039,6.080780725554622,5.833922154548904,5.459180079228437,4.929834288541353,3.3390390664840086,5.4296182191325855,5.207687687163111,5.271578837195373,3.723251424179691,3.9189434595917376,6.053152853332904,4.960444846143345,5.681500697372624,5.0283183761304615,5.0297561394957455,5.938283805975997,4.4839552717826265,5.0961207769409835,4.537724711294958,4.565503772567684,4.690827876531361,5.222133771633713,4.5212513783365225,6.255756125573521,4.105392697780496,A
Patient_28,4.813128355838641,4.560268941725825,6.446977884353733,5.196554776511575,6.031844539468635,3.514439626963028,5.267050265869258,5.889630795623437,5.082283989275425,6.065480375065351,4.482711549899628,6.40934744018558,7.29889812361925,4.637161439560341,4.554497478599228,6.453384477117701,6.579572145730713,4.477139972846731,4.579813182904143,4.718215391139493,3.6555494889657227,4.081348053515802,3.9958592332479324,4.232202434895871,4.965315112613219,5.234214732536521,6.550500492814077,4.001645959261209,5.984322398476584,4.786011155774491,A
Patient_29,4.950536290347567,5.674819492166604,3.8772779784377014,5.3824097461840505,5.166452208213056,5.4924512640081495,5.289168643907818,7.455300139910895,4.362260015748684,4.469003044998182,4.3768594735752355,4.444522880839745,4.362612872693482,6.189016531107551,6.420504247989855,4.429253706250524,4.167644426895771,5.471415556386404,4.4477769557190285,5.6329318177555106,5.2029230208512995,3.484255885002768,6.547505201330061,6.7958776730955215,4.387211309515614,4.6122984400640155,5.285865390724905,5.3344567899870245,5.65854427267283,7.01020453876635,A
Patient_30,4.82305277250595,4.201702755461547,3.620680771985473,4.269069960058081,4.966873027126203,6.794557863517788,4.482388700963829,5.223787951638898,4.983577103927248,6.188393273448084,7.526932425873621,4.4691312270796795,4.510560557481778,6.044160877069072,5.681891489626311,6.846707325736034,5.583928185325964,4.64070790921294,5.590654830692309,6.108703580582908,5.820482181197364,5.507274031107298,6.066674689589154,6.169295590445673,6.382158991037527,5.648709887589643,4.832881919683146,5.146713686433323,6.206508966508357,4.183064329012764,A
Patient_31,5.368673308872901,4.606661187672639,5.028744822934818,6.278451862607299,5.191099068019903,5.046436548156149,3.640143859020081,5.746253566027221,5.645484181141075,7.16325472330546,4.692221765046999,5.219150327663939,5.2493836837107555,6.577453279763475,4.904704467613048,5.2790215257703395,5.607896509716539,5.186609123156358,4.5535663854494715,5.1940899928983075,6.073631749859772,3.9734847005889398,5.132969674146876,4.299879185060827,6.1950466289248425,3.476813095216225,4.441078152728411,5.377211875064521,6.56552402923434,4.934249738927012,A
Patient_32,4.444800473306802,6.88115706944059,3.5519860995837558,2.801194043379918,5.440014450053332,4.497945775647389,3.9787671828692868,5.708356447299353,5.243800713771199,4.435921369263272,3.7196956013291054,5.872457328280145,5.650201177958661,4.900824136220617,6.846636996047666,3.9299152336738477,3.474474829075261,4.3080919301187555,4.9544139836445025,5.243339449322692,4.75876394214367,5.352055396514297,3.748460575809556,6.44376460407326,4.917848821607431,6.117295831588128,5.342725346377704,5.456753219153784,5.569767280232204,5.447708560017315,A
Patient_33,5.642722759867544,6.329152530132431,5.19652116970147,5.709003757588512,4.910264305712773,6.440117215449472,4.32360769794073,6.800940432910815,4.9598420493556565,3.569224897881952,5.128104414910789,4.318948342525119,5.840643548988724,4.3473760206976095,4.55381656678522,3.110459269054469,4.547693680750923,2.5761206733710433,3.4160971765142767,5.760414656144297,5.785800158650832,5.425457561784965,4.033023856870787,4.9522886438580205,4.9963974609094315,3.8416353108074572,6.503398301767151,5.877362290575672,4.779035826170336,5.026885838994531,A
Patient_34,10.208382807947553,7.958265131575709,9.752822617479403,9.318015752002202,8.998379990105084,9.718899707114046,11.797686526849523,10.64084286126701,9.428821010217202,10.572582781356159,11.399355436586003,10.924633682912768,10.059630369920175,9.353063222294427,10.69822331361359,10.39348538542175,10.895193220027732,10.63517180168197,11.049552715319335,9.464764788439432,11.317394065634325,10.1975996046924,12.075260872625265,9.310812181910432,11.73596380316525,10.197910783462648,9.348581996385551,9.516114165945678,9.67965269180568,10.424165946401917,B
Patient_35,10.522835488035499,9.42629999606142,9.975645407739018,12.142270358611864,11.727543170100711,10.436323669674032,10.0380034781682,10.12003132671826,10.613517972730417,8.977207434801594,9.742623462576654,8.33141592612241,10.39922312260528,10.64719593970274,9.516813537700626,11.573986763290034,8.774234336997658,8.53562511979018,10.224451818559972,11.047098302612154,11.68392769145787,9.54111573713106,11.078680833431296,9.961491530499293,9.82737270005918,10.883659937486673,10.65232287841342,8.42360784301575,11.476540349725896,11.380091354147451,B
Patient_36,9.37443729849047,10.395803533437409,10.494030186282739,10.260673765823906,9.44969484615458,9.328376632061948,9.974445929008555,11.172729019259364,10.543600154594433,9.629385667913894,10.771698710648344,7.1514573793699245,11.148765700372103,8.2602862212219,9.637559058596867,8.880330105373856,8.705318524279095,11.16082678737852,9.532298798688108,10.346503881730715,9.953079421120815,10.47704082722312,10.076821891060256,8.71700777581143,10.99626681944714,9.506243416838688,8.44341810134025,9.571884839034087,11.50075979063431,10.850221742113494,B
Patient_37,9.651347865592141,9.650742295681571,9.678364948782617,12.076747983560841,10.381935452231554,10.43004164719107,11.030283454031842,10.238789159026513,9.740957854179296,9.803650150915022,9.928398740585935,9.962777763490159,10.72762954363698,10.0519458858073,10.73264007721558,9.919283419891418,10.07863519031609,8.001799315467892,10.916327674702481,10.346488475897992,10.998010109859653,7.10374462180631,12.088374704780728,9.860410371844827,11.108182816737516,8.960094072874469,10.61277390506257,8.946584436826344,9.376231039304194,11.914031353866786,B
Patient_38,9.809317599236653,10.217432873179723,10.870067730688755,10.495681887972605,10.150418905143576,10.364961002466226,12.403415585238275,9.942381202966414,10.201099046714967,11.050654396007612,11.105525932957985,11.18703030556038,10.638730222029185,8.856995087269517,11.633431532301096,8.853654606981312,10.302635465239034,9.245724149980642,9.935861653407008,10.328762410303481,10.321357215450274,10.421920754235284,11.613711269058648,10.45353430151398,9.755843364709351,10.964087168288357,11.189470488924641,8.772392184863008,10.597400069849858,10.701172742310899,B
Patient_39,9.702436496640008,11.37570681331162,9.849944412967472,10.125576453471542,9.82692817571613,10.015579047581468,8.903724913104798,8.559949117405706,11.594505063224972,9.153038651681673,9.008607650543693,7.846609886396285,9.361038252310498,8.676910206592503,11.642015160136369,11.009817089342635,9.311849654822277,12.252435805344309,10.981765486991595,9.675168616491378,7.500594285126427,12.290942572590742,8.610427533236404,8.354601253043109,11.02257043200964,12.439752406339274,11.384272818510517,10.56390912005236,10.594754341665286,10.853415558780307,B
Patient_40,10.758928589786764,10.281191423969375,10.104201103951876,9.937406872100478,9.246035411133324,9.719324923133225,8.307043185804615,9.90166037320525,9.011408892849083,8.896410682784229,10.179894151153478,11.3920022863446,10.918316606002312,8.429499396376823,9.010371863429663,10.940771187988215,9.01751260646169,9.775366850002975,10.550052099024551,9.031655545136365,10.10537550614596,8.665974505081795,9.398632356048786,10.319781934142537,8.407006266468331,10.440474737960399,9.98036220107332,10.552489954417148,10.223914134064662,11.364140429973844,B
Patient_41,10.125224502647907,9.570594458874748,10.122297503032284,10.543298029036388,10.048860070325704,10.040591691203883,9.298008312193245,9.337099082449052,8.597394728200307,11.749576743186939,8.756136764608716,9.307094802204093,9.281592734430802,10.894924376944441,9.705050321707972,11.247742072673734,9.326509375756132,10.278994162223801,9.164652946740242,12.145149127773388,8.812401580970487,10.309820710227028,10.633776880932098,10.413799097451498,9.814712341122291,9.870179300266575,10.04381147197911,9.852997998371512,10.96387911679491,12.210523001591351,B
Patient_42,9.442508214992166,8.630197020420923,9.911717951648745,12.579709337654318,9.19632543203027,11.639116805444068,11.677700814076442,9.446411758292005,10.568983079185275,11.628396623128538,9.620872259012513,9.796419639897639,9.418319086051357,8.985243269307134,9.350722454933994,8.776059733237744,10.034083468259226,9.230026768941357,10.233785911790747,8.444104353796373,10.330880232214458,10.833528961608925,8.006264357428545,10.374056569847571,11.227668992473292,8.790358981308795,11.672572386837704,10.419019009366044,9.294988144241591,9.944230922342294,B
Patient_43,10.558326912521723,10.076005391412412,10.538755992446369,9.079326406920634,10.169360824036078,8.58628550309502,9.8887739386513,9.096092358535211,9.264470057410234,11.236093175210437,11.091310120594269,10.609138120907177,8.90768723532742,9.683591550305199,11.213097699979183,10.141716913639904,12.319329539981695,10.393317839394372,10.19204911649003,9.690883535797498,10.133540904782283,9.847530163619457,10.70810867668859,10.956702316794583,9.214010539492051,8.668767046442222,8.163794626896703,10.507991326912544,8.896633393826127,7.847109407047517,B
Patient_44,10.388578604530965,12.492999517432791,9.993929088460106,10.838490774451643,10.081829358547566,9.901110346808858,10.91907648298777,9.709725455811348,10.267392314071904,10.321697806196013,9.33190954635695,10.992042349536522,9.825040243304592,9.244254840507155,10.536509843570403,9.101532018208962,10.028181157369128,9.990881003355797,11.085895565831578,10.474698232879954,9.974973041254856,10.817766299200287,11.390207549017314,10.557810306351863,10.010352619843381,8.68816376764984,8.934886336924627,9.694775295645332,9.390487797840716,9.813028697014554,B
Patient_45,10.056649924897107,10.52969275435673,9.929501221940908,10.486501643826202,10.064474414810121,8.024533433646129,9.060664606181245,9.855912444278385,8.790305257158892,10.599928729996204,11.530750832343697,11.218761851697316,9.786557129069791,11.490726136849952,10.148667457202112,9.66291402888196,9.38659733645906,9.697530313511871,9.611823181458771,10.170416222375488,10.160573981049865,10.003046020153414,10.43693816974635,11.190646274786342,10.949554135441323,8.515102031550096,7.446078865098045,10.934319911239275,8.633121301584579,9.775234598107316,B
Patient_46,8.82988697394064,8.19801956241998,10.541462728204788,10.759155160302647,9.42348959927328,7.40895770785509,9.453755551747518,10.391804005402546,8.521088431225872,10.183359919779155,9.984690150827005,10.579291499601089,10.119580368414153,9.026931059118445,11.196571501664492,9.84147042697303,9.972695460490067,9.066732040926803,9.55671774880849,9.1151972859731,9.827053940076578,11.711708480142343,8.628098857068643,8.38643860212326,11.471170327493608,9.790676322848133,9.330927261340083,11.039904687396076,9.394384460263137,11.826009713546936,B
Patient_47,10.67792587133927,9.512088591854297,12.157308213265503,9.394285076996661,10.742095372009308,10.299292580406492,11.301741289398798,11.561511196726853,10.032004149065767,9.246582129653817,10.459972142939117,9.322284630247895,12.013387247526623,10.136535331082737,9.634678448687891,10.184680305864909,8.652873710470303,9.028385961489349,11.200413907944425,9.343105721028603,8.95308901731806,10.536652752527287,11.185704154662997,10.718953310665066,10.996047685805816,9.243204911430539,8.578189333258155,11.501333651955488,9.677320161157864,9.749166983544953,B
Patient_48,11.328194141849059,10.55623000940066,10.455887772081608,12.165002344901083,9.356481769619856,10.927840128081238,10.057013124897084,10.268592278863258,11.528468426412532,10.507835756289623,10.538296079049633,11.072507337309801,9.635047270457115,9.160790332660994,8.955190805978967,8.033643410623998,12.056207129940322,8.896791634278317,9.778746376414228,9.723186700111079,10.307406697809101,10.815737212539297,10.860473488359744,9.416922561431061,9.832878286213589,10.2825799504883,9.751308873816454,11.607345576019993,10.49097495163825,10.734877786049818,B
Patient_49,10.662881268667412,11.173473857485325,10.181021558703707,8.703168052044154,10.399687951752641,9.34864310620817,9.471383318250243,10.586364018755093,11.238283071433635,10.021271576736062,10.308833012598964,11.702214944635237,10.240753179488568,12.601683114180394,10.565509645631543,8.239237240844183,10.753341621104532,10.381158384882777,11.289752754082745,10.673181351269958,9.861544016016227,8.775701763710634,9.790976742713974,9.1494795457907,9.419476550195277,10.588578404420609,11.669904504351406,10.39467152982298,8.804116937964816,10.44460266822014,B
Patient_50,11.196631486645652,9.390217095680617,9.865982833327083,10.014688194729198,9.21510168691776,10.648280433843858,9.879051851392218,10.419532443907027,9.1125078221979,9.56254169967659,10.722381357827771,9.627166847908233,11.726963851233405,9.600363814385398,10.224684725751885,10.93259083187309,8.581634267066969,8.239191188019223,8.474343685429906,11.262584103427182,9.448141854107554,12.558199285668252,9.435752401342612,10.184551303197036,11.542109952567875,12.006092888159124,12.061503576636397,11.208366230593143,11.024062525811463,10.592526949201183,B
Patient_51,10.778361076166638,9.448814283671467,9.181801116577693,9.996625542589047,9.829815377475072,9.546771950672724,10.696387447456715,10.955305208570511,10.088406886291848,11.477530081055262,8.858310885866494,9.806340540720281,9.283177679397195,8.13346338292694,9.9173193141573,9.878252491616717,11.51344974324213,10.630811684554777,8.975813175670796,11.854092566334188,11.221033695525353,10.582097703468616,9.773515901150168,9.04056076327652,9.627793223928947,11.088748619704186,11.88458630593461,11.543243528272189,9.511150578213726,8.880382566710988,B
Patient_52,10.140886246911204,8.231560634437148,10.323167714184782,9.85239741370133,9.533963498131758,8.405296932733204,10.513600106569717,9.467299160338088,8.830083164289713,7.127737786718351,9.972485094949363,11.772251596669744,11.66125921454787,9.542903743413728,9.397787939638219,10.468774256075024,9.001614560811708,10.301791899819467,10.76608027838469,11.226933223884307,9.899845923520047,9.796326249823034,9.122017413243439,9.17311964596014,9.773521108098473,10.367365506816178,10.913584626233249,9.196821049319656,11.492688568959522,9.728876398957432,B
Patient_53,9.978632705651563,9.252788320852176,7.575759739727058,10.88404539636105,10.736843897092433,9.718672442881786,10.066990717224872,10.5159392177041,8.437454143113458,9.470947322653705,10.794264679621827,8.745710576830751,10.29355793216663,8.643418195376595,10.466429982433526,9.964358517702516,8.38486818409449,11.164739354457172,9.26540842320195,9.18974756298562,10.200569197230942,11.148637349428714,8.984178181021603,10.061679849847971,10.428816500330573,10.693105607263144,10.176441555277226,9.632972160916678,9.17240977935128,10.086143883046375,B
Patient_54,8.927860988014393,7.078649516505393,10.436559804157667,10.903934841086196,7.637067564458162,8.990269295290062,10.619154261005198,12.057495469711698,10.020793707675407,9.271997058770866,9.817103558895159,11.374876419148185,9.354035820875465,9.200807993349747,9.517256477817968,9.046671391741288,10.122670315994796,11.62467845846956,10.32307927311603,9.747646497873712,9.708188731084455,8.436809191303343,10.883109777147158,9.922162802987199,9.819520086409375,13.19310756784486,10.298752908365687,9.248208949904816,9.573642403794457,11.148445709196755,B
Patient_55,10.113270410537764,8.561722021682634,10.919228934575203,9.331855914461006,11.873297776217546,11.08004806571465,9.552678104341249,11.281016361735112,10.067855510527403,10.852773675122219,10.484732817294475,9.153643345009126,9.356450167682539,11.029960817581161,9.66522466789346,9.596351536758004,9.044877420650646,10.42359906559346,12.062524919243145,8.932467085745728,10.024219456672759,11.412220555415429,9.920358608754285,10.452371796249734,8.93760647185312,10.428307097207648,9.812855734995452,10.985729995679863,11.18738605156475,12.589563642018614,B
Patient_56,10.579633173213576,10.325796316582167,10.194384301577337,9.646833707189312,10.338483843461692,9.704598589860971,10.168460976269614,11.317597535607959,8.993457434720359,11.139878561129045,11.317115067339865,9.88193147300892,7.878145100991405,9.392178012905568,11.296994546561109,9.977131937701119,9.00069776770509,9.495225078771783,10.840620026504553,10.546733568201379,9.761067900830305,9.633175588185312,9.608241850956178,9.077589815501497,11.615375689469442,9.67767953078866,11.217158520825496,11.521316051922451,10.99831089814796,9.568379687281952,B
Patient_57,10.403730090336609,9.975804393609083,9.096298139269871,10.324359281721604,8.820960208840198,11.187679388461564,9.535382702701607,10.20115965587284,10.283287871546142,9.741095026295923,10.586693801475274,9.525096343377475,10.871297297457245,8.65402031975325,10.126379579546413,11.938928999058284,8.999668675394425,9.322255029475148,10.513907849658915,10.179581781939598,10.350630099273559,10.489187130147663,10.63472146856177,11.109699841956223,10.409818656928513,9.758742345381458,10.672573701202731,11.899881934895216,9.867366253617426,9.025470695329359,B
Patient_58,11.107080669286972,9.879618836046403,7.827330453985963,10.847421677150422,9.464671814046078,9.909466717695839,10.331980330569014,10.190499679779066,10.709451817139039,9.564513629430156,10.513105798176083,9.740453322416084,10.738810480887503,10.615367484013053,9.064561297955404,11.085982116175032,9.464036554885952,10.808057798281146,10.367287313401341,11.838183676795122,9.776534017628148,9.650683203881803,9.980580394112268,9.696820217165724,10.79994190194205,8.383689391563411,8.946317580853647,8.932197078420806,10.950307591973576,11.710613372581925,B
Patient_59,9.895550781462529,9.83117827680999,10.070052163113182,11.16187830260819,9.072646865809427,10.238368982734785,10.97519762978243,10.501094169939845,10.189581616598744,11.00104609256714,7.296767707000763,10.677875319530907,9.345924316872576,8.169367103143543,10.511202599524982,11.373658545162957,9.862551485372308,10.952874547202939,11.612278257988645,11.314914453584047,11.639964529371394,10.742127491071892,10.075433638901593,8.398034188102832,9.75393751187005,9.156753404683808,12.170942717497814,9.824114187567663,10.123204806784486,10.551485376040468,B
Patient_60,10.043602446372454,11.695051040430753,9.377350638265549,10.194607455237243,9.257529414301953,8.679977488779294,9.388230909094714,9.962963202951588,9.57069777548274,9.307579020126145,8.593682536328167,9.916894427371306,8.495279625968998,10.760055963689602,10.082439752934503,8.54244850053507,9.690790922950136,9.247843594409417,10.319174510419181,11.340450446023144,8.124827530354256,10.115026079147418,9.839867204433359,10.671340076450466,10.21319662823769,9.248030668261181,9.680946064333382,9.203974143196511,11.076007138598598,10.021311648671942,B
Patient_61,11.901190685753008,9.939339186185379,9.291593233089538,8.486285607387172,8.196860323744055,8.41586405699451,10.267126651011484,10.508725023229934,8.418809297967867,10.895038314076116,9.516938948316561,10.14679301198555,11.612220628255425,10.896839315865531,9.731469352094168,9.108807774584713,7.848184598670695,9.28084668075758,9.788869761172306,9.012820472848816,9.868743032907695,10.076851882958769,9.775144018191922,9.34999741917654,10.168654671966728,10.441940649569409,8.909600922557154,11.41093237974627,9.901411867715739,10.018849622944847,B
Patient_62,10.708214423256557,10.233216131263502,10.953136633913244,10.287124165201824,9.387562625359562,10.361503525206102,8.856273792679339,10.108559705776523,9.966770009355539,9.79188314272746,9.87146248856107,8.118150954502362,9.451275092259039,10.092844901141115,10.159856391997401,8.972324859074043,11.265707840864701,9.1338251517855,10.969457200526737,10.427194361871685,9.353772690156196,11.775310892609513,8.80636316824352,10.919154173610002,11.000582318042978,9.329379790923355,11.392465300064329,9.749953485401047,10.288693629279857,10.26032183877122,B
Patient_63,9.865691258529452,10.810808273159783,10.793488720552213,8.251468026761819,11.304340242878153,8.337508011964326,11.032546204341656,11.126705136827583,8.909033569784802,9.589185712045415,8.894295331514064,9.785078969711265,9.69196571581426,10.77966053226934,11.310308746119608,11.395683810789956,9.437831973421698,9.790778126255471,8.316561807779049,9.194129933503811,10.964851633097458,11.615582823548232,8.765651128120078,9.407535740847106,9.973594243041074,10.280161158819606,9.190396480078354,10.42406104446409,9.526160652929084,9.985547729121722,B
Patient_64,10.5462842480037,10.006422269810939,9.56361410947343,9.890390196074168,9.911637040794664,9.629988970117873,9.741203937332898,11.598647170504718,10.560919447941238,9.70451968197084,10.696954404510736,9.66618051024399,11.17312463758664,10.369642192198095,9.89269785599577,10.447716925810278,8.4291238479315,8.873232531090196,8.806074993600944,10.142943094763707,11.732514999485092,12.231300146192632,10.638051101440757,10.500844474944458,8.198942265847261,9.457326200265978,9.21221624809176,9.379152401748884,9.83185618141521,9.527909422302873,B
Patient_65,8.020700189624213,10.747910256117533,8.927256974260194,10.23924686411115,12.074082669749973,9.080615408413577,7.469712477253671,9.71399577811989,11.10095963499857,11.958347454220593,8.770450405547583,10.496699223236522,9.534689543219947,9.894051645695864,12.644343347017035,8.497029671604846,10.253739661494574,10.467693171765433,11.085786324939347,10.097983153470896,10.308050539504102,9.608351432578209,10.269126941245107,9.65680772450259,10.621571889856051,9.630389663956366,10.377100393902186,9.970737186315022,11.126050250772169,9.948606276411514,B
Patient_66,8.226967531793118,11.261921500713992,9.094267699137381,9.34623366135118,9.404338705956508,11.374438093170816,7.864325786021304,13.137748533659995,11.056056809066051,10.22323891412916,9.945105999383713,10.285554074857657,10.52112242837934,10.645215585950057,10.555604466003448,10.08958068125525,9.802661579692673,9.848726716346489,9.805091719647319,11.133770096867064,10.593556722280862,7.059611365335719,10.65590077652976,10.194736194718775,9.981291243554102,9.611481546911115,11.124112719986014,10.947526462122857,9.22712233217639,10.407052287124536,B
Patient_67,14.028343265458714,13.62038183521107,14.373282775410035,15.86239347238276,15.953125045376087,15.513085420097292,15.725095786847998,15.516178287114958,14.358518404777048,15.43192254467394,15.800409525227682,15.754291329813574,16.188913371474644,15.708303847201064,15.351448207541583,16.070150238316426,14.97347874075094,14.118125348772281,14.836933036056235,14.25509735519355,14.324821725025618,14.855481329284482,14.207580079000039,14.69203847036096,13.106385333046214,15.213293707372939,15.001205475362225,14.182911368931808,15.659245668432405,15.937570137626558,C
Patient_68,13.392440135631025,14.237275221433785,14.230857650212702,14.060096898891135,15.829474841931749,14.806173861227197,14.73548515868939,12.996137635593247,15.635418030209227,13.760741605146528,15.059932630266328,15.277376937958191,16.36065859583865,13.691179600880888,11.980487844179175,15.183849544753695,16.800511181510853,16.238946352939436,15.209659415274626,14.508363814367952,15.80712259663731,14.026453800295531,15.47635776935622,15.505470159166627,16.06020990749888,17.75966003891108,15.392415967178767,14.491036374292502,14.974425687808006,13.230924095110883,C
Patient_69,14.305286868910942,14.590717561886896,14.475911602065407,15.152354872033722,14.1775800676178,16.121030667324472,15.000207064918197,14.990699678861386,14.672105283487083,15.15519068385898,15.825098264667634,14.132869784289099,14.341883510924744,14.696273971223336,13.654129076526786,14.180742140278502,14.523779126455342,15.874389180712727,15.262561329001924,15.193589911367544,15.850897962167972,14.862628211600603,15.39046484992889,14.896778247067504,15.265362349399629,14.417241342388419,12.561182841723571,14.865720837813695,16.42274813609994,15.926215402241592,C
Patient_70,15.96539748459117,16.23613072180622,15.088657590961438,15.197315707405595,14.38234810456565,14.68392714397295,15.615771149771142,16.203884437168817,14.860553724319,14.549810735148588,15.000527958856598,15.601206748929116,13.556145183866459,12.703819046862762,14.449463150508416,13.779287574085842,14.491859802352689,14.852219681182529,14.546751590976987,16.452467534470745,15.32674476460232,15.300474359610828,15.622207144043402,13.86116688221923,16.039111787420268,14.92423571346454,15.670480617241212,13.928142766959844,13.446241233983935,15.81788965802503,C
Patient_71,15.376409526097516,14.097948445642489,14.130336918725305,16.125434784414768,13.810588107132672,16.642672953255964,14.09937926535213,15.638391925608383,14.671381524251016,15.603187431082343,14.455885997885808,14.837207093927706,15.040919175395722,13.997812544218528,15.740824345420126,14.486786433528415,14.771400084659982,14.005650625391487,12.43766634120469,14.80897223739983,17.412615421612916,15.784604287898024,14.980739620265606,14.737109170791733,15.022465892812047,15.54711911517521,13.819187184691156,16.114321694668874,15.715381315441244,15.718185725707935,C
Patient_72,15.438475738809727,15.01961665769399,15.67286123596682,15.591814133741378,14.645959289058975,14.4263982271031,15.101856295261987,16.54902015149519,13.760892924346098,13.53247473424756,15.164760841236516,15.050887701856018,15.173341664370408,15.2439531979085,14.776797745365196,16.489863438602082,13.399096021523484,14.171502975219754,14.896745239850953,13.356811188845832,14.824145595567929,16.66147016572802,15.020886488295961,15.230700905718683,13.739835234827419,14.383638591960523,14.624803619676063,14.682284903243765,16.28164379500377,15.557691060725125,C
Patient_73,13.888542043062968,15.246504778432005,15.498221748496785,16.140149038521265,16.580540686568373,13.984905808172131,14.189142488789662,13.742422141085385,14.765980140893019,15.466358374446335,15.987334516589101,14.924048976357478,14.680152476745157,15.15175799224874,14.164857098369977,17.089538721694773,13.39233897288194,15.184740578895724,17.023606219229638,15.006799844559998,14.809960964998506,14.642554577189573,14.819608318237592,16.37284847467653,12.788138088670493,16.533433701296325,13.576042847549855,14.733347670765585,14.570755579701338,15.58855326977072,C
Patient_74,13.401875648116253,15.462172666081942,17.024309623286854,13.63682599540719,15.189706167610396,14.33801782220339,15.425887206193035,15.019147777415752,14.35851309095569,15.487872284871074,16.804348109786744,14.8090962082727,15.719757942148181,13.706727042128836,14.043563623181992,15.472406277880378,16.484116028535965,15.35561334878566,14.686941969476846,14.999291405423355,13.749592266030282,15.604515326355367,15.88233306232341,14.54790966716692,14.529957852240498,15.26587822965205,14.563280263959404,14.933867385374178,17.099721789166516,14.752974299254003,C
Patient_75,14.641659847978778,14.352458194364841,15.744191971499937,14.818775826781897,14.350626961678573,16.321304032273012,16.419603004513636,14.399576434261295,13.133460048639384,16.007513689836923,14.315370174239996,15.79062559916277,13.029896182288164,15.892597338299309,13.78882807071922,15.730764119066524,15.014273067836434,14.046060580603354,14.592963687073219,15.6863184569567,15.105894453115233,15.584412980472484,16.976440584515487,13.43575838828895,16.617212574968622,15.104355937523213,14.101215951676872,13.66968637426101,14.810879609222967,15.921650111924459,C
Patient_76,14.872450879622466,16.511154930247347,13.548824309948442,14.987911052153946,13.74760655558688,15.363631882624968,15.8868873900973,14.579238206318946,12.395786143372867,15.198948146796495,15.436738551733509,15.404294754961697,16.235782191822153,13.928946320350951,15.68021610545045,16.192507512477974,13.221412415993484,15.319651825918978,14.495820168992328,14.918477326898355,15.347676483538336,14.512771435886448,14.324291920838387,15.034152417488025,13.912754061137198,13.914174871114815,15.679373282956503,13.851205964841345,15.666312500909212,15.46259129285395,C
Patient_77,13.274193271209404,14.322435347664346,16.19410940304737,14.018834468860318,14.535595737690612,15.462060893251897,15.783390509282595,14.748461113955504,14.402489805308358,16.422369861698506,16.73889966379758,15.978858050781795,15.085318142565024,14.191734278359073,14.169555593443434,15.522514105265758,15.418398220888683,16.401598592946428,15.65045009253614,13.496919698240182,16.05194761772292,14.001939372685587,14.616028728047649,15.250200206251694,16.995667489783965,18.10991855600536,15.606723059136183,14.816803381279612,15.53450564848055,15.887655425873836,C
Patient_78,14.679332374442808,16.795211355912322,15.230070759191403,15.497743089091394,15.665924252054461,15.421586610614456,15.838940500469612,14.382746813453076,14.441698246053969,13.899845767028305,15.439501230620227,15.778936503512114,15.457772866151887,16.674492433347538,14.994403981170953,15.668741655592513,13.908299123860687,14.612900297525599,15.695537757565777,15.849102110743145,14.706033052335817,14.928400748141932,13.48212625331919,14.64297079919339,15.890383163519786,15.575205016106565,15.50066572138121,15.04977368718096,15.007063158628176,14.339678860526552,C
Patient_79,15.698828420202535,15.42097294438939,15.4920188479928,14.473965157332419,12.846657080128756,16.097152711753697,14.521162543991595,14.137224235956879,15.693478911913994,14.60798736008087,16.059936384046622,15.617005949576697,15.683569323200478,13.634044288799466,16.2119439853864,15.261250531233856,14.630722860753798,15.143388467342252,13.223764767101681,15.408652811480671,13.970628491817928,13.647329714156466,13.47764081378211,16.112688374989926,14.370736606307212,16.533727709916498,14.464198536947702,13.292642042407053,13.883475560051341,16.23581162000694,C
Patient_80,14.844101822063333,14.451712703509399,15.160018225852788,15.501782736167545,16.11739881590246,16.448499229892928,14.640231354210915,13.673952313917962,14.586534838876723,15.260280506582886,14.03624107378939,14.042849085104956,15.343787881549886,14.951347648429548,15.032796995411587,14.24150466529993,14.769599285794232,14.075766855731695,15.890198411124787,16.03524933472375,13.153812137761907,14.07048913980759,13.50347074490992,14.349976065593102,14.91656203020964,13.55035478030147,14.078140186874688,13.996042627918502,15.207267329398944,15.06934433703625,C
Patient_81,14.278262446662747,15.176820872139398,14.453319915412735,14.728344889673947,16.673452090298536,16.34046105179035,13.700418763072403,15.829732417879175,15.811396554491592,13.851736711247382,15.81877764375486,16.537931918412554,13.877455193755587,14.082497178985736,16.017661466843503,15.271495310825648,15.551476275239523,15.340589216400497,15.390695920928144,13.673527871688917,16.04731770662145,16.169589992427774,14.770609255931973,14.956523050186137,13.468892497444278,15.514254756017834,15.572057441714144,14.93780898300069,16.124353359870504,14.66592276902006,C
Patient_82,15.5646059258936,13.980335661307885,14.976447849125762,14.825645742097164,15.225307922040942,14.63047307116664,14.868527404328333,15.826047171441505,14.563235762761783,13.39342289926132,16.74958390420542,16.381454078690485,13.707737304894382,15.689707805245195,14.497025229448656,15.26348721533106,15.294224129013493,14.765592199683677,14.216234334413603,14.30945894768374,14.083808084518758,14.168177791769555,14.932821709950645,14.284240010889249,15.68205206571262,16.487246155335928,14.419946758629957,15.239404500535377,15.499685110302934,15.472002270919274,C
Patient_83,15.075955267916088,15.742682418359722,15.482248952680656,13.762337577672703,15.869156064389273,15.887290837266741,14.236713895821419,15.037937835447602,15.68332899281107,14.79068618042064,16.07297804776601,17.36387249461936,14.214013967365018,13.618955396846225,15.303818595604875,15.721562505126144,14.76913362615523,16.453260663321036,13.661394200276751,15.692918623031611,14.394139179241106,16.719377906207296,16.99251535316812,14.233343412216652,14.45044286409142,15.859587886979803,14.612869350210484,14.954588782067761,15.02538842054241,13.080326843802343,C
Patient_84,14.986162253905762,14.310272225935826,14.506877177600227,16.443632003468814,13.743493105720743,15.813205186747977,14.721037069668192,14.720239831504166,15.790371896051711,15.340051294568891,15.57061299721953,15.968184660532861,14.668691616816677,14.38776326549225,13.914849473442201,14.174589470021045,17.949094425308726,16.244679580736786,13.648925633791979,13.67754204325643,15.481866061718492,15.547264797377967,15.548883835317364,14.745044206446302,14.8745457399971,15.327879524159357,15.08589300629333,12.780699627252465,14.770200369424806,14.148593565739686,C
Patient_85,15.175211418908512,17.98525900260341,15.367481665474305,14.686470313827602,15.921801501977253,15.482687887209213,15.420094490451842,15.606850593215672,17.056543564829543,13.869111564674084,15.473632076811455,14.073618870018462,15.555512646342248,14.081313488513906,14.582633186394915,14.704910085762094,15.975816719344708,15.918454443942414,13.754282623553616,15.054934110999849,14.290420145250827,13.741495089324665,14.78298294957563,14.69151721154418,17.426716486345523,15.432959825360696,13.622382499245763,14.435225995829057,16.0213832954294,17.088442772869925,C
Patient_86,13.414016687762041,13.120075614860955,16.870965175371783,15.389614177370904,14.131707268123634,15.534629086122436,12.364252260983122,15.00337550659716,15.327821172843086,15.92427013953783,13.986104047707462,15.085687161403358,14.074575373940412,15.255383755674318,14.104653677636977,14.591899160839779,14.00418460520977,15.651136241823657,15.858451116656665,14.765379430042586,15.038237994960028,13.551408585366456,14.700323351993212,14.949795382958255,17.620793091029974,13.888032974225837,16.464177238752438,15.996858773465808,15.280636404490137,16.758620484195134,C
Patient_87,15.372105472606863,15.38915919566793,14.946879346982454,16.22356888241863,16.096469233810883,14.374322712503787,13.680752805401232,14.797019362604344,14.199961435602354,14.936475425384645,16.23743813468414,14.54269834491321,14.957176618688425,15.058022734808395,15.848430882205285,12.753110666015395,14.393299705234703,15.211283692279473,16.20007895642686,14.508097552493794,13.123447293958126,15.619711445966136,14.36463761117437,13.810333340909638,14.375654610286777,14.815474642344151,14.395255335461787,12.79443394290093,15.897066196887133,16.274875041278722,C
Patient_88,15.651521991339505,13.862314329575183,14.798508466052482,14.993478684770542,15.59879438956191,15.66834048871808,14.265826201221504,15.08199555641356,15.457280404615242,16.455822322146766,15.704506539824724,15.789056687375519,15.08382662792936,16.410459145203504,15.409762795959498,14.13891208982643,16.40336997012519,15.697903272539028,14.556955978871517,14.520507032600756,15.296575545140762,15.463184795267585,15.197292265631207,15.311308673442884,16.699957374576382,16.071543152234884,15.190635591265025,15.941310580767484,13.96747609647246,15.397927049946809,C
Patient_89,16.80930634973311,14.781954104607626,14.152366071380914,14.347911111406939,13.910366962657612,14.215238091872296,14.62949190140997,13.594432980821358,15.015618333949604,15.902277173786647,14.09224381985308,16.51928392364177,15.510792088527595,16.030580585624058,14.342165446147863,15.854525227066615,13.908066099604687,15.890247500836509,15.17183933979353,15.553251219984784,13.824405394375148,14.104930157723395,15.597228218253385,14.0516519957758,15.463206292099123,13.632862193539754,15.848174212666668,13.767476685231491,15.552299937679523,15.625630933646,C
Patient_90,14.303228181570425,15.582026567084727,15.260442263333555,14.461158143807262,13.991445315923793,13.03737430832742,15.349650047299694,13.435197228637945,15.095344199441309,14.73655178391775,15.679142775438196,14.697954500510136,14.67055221365291,15.731870704288296,15.335058029084118,15.316155957182778,15.469267589808526,13.464427876792895,15.756788679986983,15.612468794013603,13.983316871423503,14.7559195263258,14.960692712372369,14.865503215598267,15.333859966568534,16.431366781831183,16.08176672767283,13.687780806568593,15.622069990306048,16.32893331953541,C
Patient_91,15.386808520689202,16.09098042518597,17.012270445700764,16.023709546106982,15.249308595641729,16.045088474084753,15.144887833096892,15.023903043284955,14.648585764286267,16.563413358832108,14.181571334057999,16.532367724678117,15.499864123740371,13.600693825198059,15.367649292991421,12.899973492348376,15.625508016831036,15.88523148298899,14.407644044347947,15.123547695955581,16.954157433750286,14.494253295738064,13.9410924129434,16.481663402462598,16.962587190530794,15.003695671847847,16.011463035408354,16.341475915530882,14.257515767461616,14.514694164632132,C
Patient_92,16.230874513154735,16.685014278708508,15.562880860174355,14.120185646497946,16.98706111169944,14.469029102188035,14.664862218828548,15.342337834489621,16.554160420714773,15.853975976552224,15.41486550036191,15.463288530118106,15.043514668643466,15.558139514518507,12.470439922305697,14.703392540930201,15.241321934916781,13.848985916380492,15.38632331781156,14.795528779013878,16.75547569831549,16.573019725214856,14.534194430881836,14.849162288433305,14.926052434391607,14.548340523840377,15.195024984028127,14.24171793111241,13.869384665062473,15.622711223900268,C
Patient_93,15.62952958422181,14.195684240340007,15.8953554307626,14.36842227083467,15.253165238037981,15.820344012612455,14.966387435296287,15.454740912141135,14.483570356112429,14.803533416571902,14.79414056911966,14.25342165345976,14.823225836884218,13.451381701136253,14.508846252857895,14.71512450663033,14.74382024750462,14.75850255412922,14.938235800139871,15.479441518086064,15.874517074132523,14.350234773151733,13.796799144610855,13.957955587756897,14.512797078805074,14.64807868218349,14.230003933802543,13.703883335750106,14.543879172525811,15.181426620113971,C
Patient_94,15.595029465835564,14.442576946891679,14.587002177856565,14.07330169115269,14.968560829625224,14.151571365809186,15.5731278132412,13.214133508065888,14.640370327547538,15.301107339191741,15.183834516322504,17.693033663980497,15.349800024567907,13.99594540315799,14.904535752910927,13.223753666533549,14.919400250703239,14.166943942999241,15.915390275560162,14.450459725404466,14.883234084204753,14.364442158595597,16.73885135185333,14.678757233882088,16.832557043479202,15.814151762118266,15.482066727335386,15.36873314731752,15.393797298216251,13.07232742065439,C
Patient_95,14.721116605849243,15.845157971184321,14.951102816525895,13.594810153196425,14.94759554942253,16.704105516255492,16.24689171553472,14.937995990633969,15.951449277058087,14.633492979631948,13.296128413173282,14.075534011870445,16.5628887685082,14.726006918170695,14.756616020624982,14.70016180372512,16.904136589573007,16.625958915362062,17.218780233448133,14.840954789599948,15.295624488747094,13.48335745057921,16.476934426118273,13.832220448732064,15.21677556376263,13.902697472367155,14.411133173261303,14.1627375689503,14.392124739324181,14.460877296851022,C
Patient_96,14.451731205074923,15.833333911780308,13.89513720693748,15.220541427013867,16.217959152305557,14.486803635486604,14.282081109252399,14.769475374819748,16.17972520836071,15.194107630953358,14.468785705392401,15.483876651188039,13.897707850163577,15.681359510442949,15.408607307701768,14.692191528861116,14.16141420155277,14.113319077716543,15.53481733634591,16.228980502489062,14.362692252971206,15.458386703551485,12.912972981397932,14.4153822693428,14.968941067129098,14.090316583018167,14.063493625210404,14.332220443531114,15.292192728326373,14.812670981593625,C
Patient_97,12.761768766675027,12.879299847364933,14.393134822142825,15.457686586053551,12.252495157274765,14.50026982384837,14.473752143482578,16.38833777820845,14.614978188287136,15.382988984740928,15.141257140087463,12.8694335201928,15.768207216631737,15.215396505456289,15.50826863967459,18.926237706436325,12.915887060501412,16.724696649761107,14.712552480599644,15.28732890440301,14.954487754698757,14.575763666601956,14.430167071761241,15.32950873557301,13.48282630332832,15.750579167521765,14.583805595114747,13.869930660959643,14.549987142004186,16.257149216862572,C
Patient_98,14.464664912983777,15.35845361820962,14.269043724284527,15.757921849923619,15.685507738790204,16.84860883329641,14.824436054500785,15.668654804757907,15.098067539538945,16.295871781863013,14.28116761239127,15.74500531287728,14.805302703883319,14.935811822891502,15.091752484448373,15.252240396426677,14.883770956878042,15.214713183170526,16.578118057562186,15.985449685615219,15.869154592496896,14.544460473976129,14.110759171771676,15.955300558237752,15.876046792529793,16.472670675750983,14.39601937403077,14.770451344639653,13.360515837474566,14.607528893939127,C
Patient_99,15.996570510579447,14.533504620771803,15.640479795200823,14.809496894002189,15.32405702822156,13.852308610184332,15.0852094496339,12.008864029099277,14.813103841838014,13.36952675628486,16.205994516546816,15.777407352764511,15.46667098196608,16.52100622715938,14.051083479175162,16.747363197915558,15.932191564260386,14.763444712781054,16.135620147182944,13.893706487588366,14.175485838472326,14.3914102767603,14.471022291935984,13.943442357239746,16.223083067095324,14.741145599630169,15.352504968356879,14.42964863358632,13.179396699451482,15.270057358391423,C
Patient_100,13.087745024580222,14.931365953914531,13.63168496116719,16.987275999230807,15.911362722174722,15.10575379127148,16.263706677654667,14.153684022534264,15.543479378670092,15.199810433718714,15.26402008133367,16.272353500106767,15.732492102779803,15.288723662825022,13.345112563771703,14.039953704720537,14.877291066404275,15.093372374276651,13.869796275326076,17.41167667557842,16.516394055253574,15.602118320392483,15.072036861283745,14.787791030098848,14.048081539977764,15.077480518518863,15.25775254014275,13.758239424518376,15.334176417244898,14.84474095117525,C
